[
    [
        {"stroke.r" : 255, "stroke.g" : 255, "stroke.b": 255, "stroke.a": 255},
        {"strokeWidth": 1},
        {"line.x": 513, "line.y" : 505},
        {"line.x": 750, "line.y" : 437},
        {"line.x": 819, "line.y" : 417},
        {"line.x": 878, "line.y" : 401},
        {"line.x": 877, "line.y" : 386},
        {"line.x": 872, "line.y" : 377},
        {"line.x": 944, "line.y" : 355},
        {"line.x": 985, "line.y" : 342},
        {"line.x": 977, "line.y" : 378},
        {"line.x": 1005,"line.y" :  369},
        {"line.x": 1048,"line.y" :  355},
        {"line.x": 1063,"line.y" :  374},
        {"line.x": 1082,"line.y" :  370},
        {"line.x": 1114,"line.y" :  359},
        {"line.x": 1145,"line.y" :  377},
        {"line.x": 1130,"line.y" :  308},
        {"line.x": 1095,"line.y" :  316},
        {"line.x": 1105,"line.y" :  278},
        {"line.x": 1034,"line.y" :  302},
        {"line.x": 1013,"line.y" :  309},
        {"line.x": 1002,"line.y" :  395},
        {"line.x": 997, "line.y" : 426},
        {"line.x": 975, "line.y" : 437},
        {"line.x": 1018,"line.y" :  560},
        {"line.x": 1067,"line.y" :  576},
        {"line.x": 1114,"line.y" :  589},
        {"line.x": 1199,"line.y" :  608},
        {"line.x": 1231,"line.y" :  599},
        {"line.x": 1200,"line.y" :  513},
        {"line.x": 1149,"line.y" :  501},
        {"line.x": 1099,"line.y" :  482},
        {"line.x": 1087,"line.y" :  444},
        {"line.x": 1084,"line.y" :  414},
        {"line.x": 1122,"line.y" :  425},
        {"line.x": 1154,"line.y" :  433},
        {"line.x": 1177,"line.y" :  436},
        {"line.x": 1181,"line.y" :  457},
        {"line.x": 1192,"line.y" :  487},
        {"line.x": 1214,"line.y" :  502},
        {"line.x": 1272,"line.y" :  509},
        {"line.x": 1286,"line.y" :  517},
        {"line.x": 1285,"line.y" :  538},
        {"line.x": 1332,"line.y" :  548},
        {"line.x": 1354,"line.y" :  549},
        {"line.x": 1486,"line.y" :  580},
        {"line.x": 1514,"line.y" :  587},
        {"line.x": 1546,"line.y" :  592},
        {"line.x": 1579,"line.y" :  611},
        {"line.x": 1610,"line.y" :  678},
        {"line.x": 1627,"line.y" :  729},
        {"line.x": 1639,"line.y" :  774},
        {"line.x": 1647,"line.y" :  794}
    ],[
        {"stroke.r" : 255, "stroke.g" : 255, "stroke.b": 255, "stroke.a": 255},
        {"strokeWidth": 1},
        {"line.x": 276, "line.y" : 449},
        {"line.x": 280, "line.y" : 468},
        {"line.x": 281, "line.y" : 485},
        {"line.x": 282, "line.y" : 496},
        {"line.x": 283, "line.y" : 504},
        {"line.x": 286, "line.y" : 516},
        {"line.x": 290, "line.y" : 532},
        {"line.x": 292, "line.y" : 550},
        {"line.x": 300, "line.y" : 569},
        {"line.x": 306, "line.y" : 587},
        {"line.x": 308, "line.y" : 607},
        {"line.x": 315, "line.y" : 637},
        {"line.x": 321, "line.y" : 660},
        {"line.x": 327, "line.y" : 686},
        {"line.x": 332, "line.y" : 711},
        {"line.x": 339, "line.y" : 731},
        {"line.x": 339, "line.y" : 744},
        {"line.x": 343, "line.y" : 756},
        {"line.x": 371, "line.y" : 747},
        {"line.x": 375, "line.y" : 741},
        {"line.x": 399, "line.y" : 733},
        {"line.x": 413, "line.y" : 727},
        {"line.x": 439, "line.y" : 721},
        {"line.x": 434, "line.y" : 730},
        {"line.x": 434, "line.y" : 750},
        {"line.x": 433, "line.y" : 763}
    ],[
        {"stroke.r" : 255, "stroke.g" : 255, "stroke.b": 255, "stroke.a": 255},
        {"strokeWidth": 1},
        {"line.x": 1729,"line.y" :  737},
        {"line.x": 1712,"line.y" :  734},
        {"line.x": 1700,"line.y" :  730},
        {"line.x": 1684,"line.y" :  728},
        {"line.x": 1670,"line.y" :  721},
        {"line.x": 1658,"line.y" :  719},
        {"line.x": 1648,"line.y" :  716},
        {"line.x": 1638,"line.y" :  714},
        {"line.x": 1626,"line.y" :  712},
        {"line.x": 1613,"line.y" :  706},
        {"line.x": 1595,"line.y" :  703},
        {"line.x": 1580,"line.y" :  698},
        {"line.x": 1571,"line.y" :  697},
        {"line.x": 1571,"line.y" :  691},
        {"line.x": 1571,"line.y" :  687},
        {"line.x": 1560,"line.y" :  684},
        {"line.x": 1555,"line.y" :  683},
        {"line.x": 1555,"line.y" :  677},
        {"line.x": 1555,"line.y" :  669},
        {"line.x": 1541,"line.y" :  667},
        {"line.x": 1533,"line.y" :  665},
        {"line.x": 1521,"line.y" :  662},
        {"line.x": 1506,"line.y" :  657},
        {"line.x": 1498,"line.y" :  652},
        {"line.x": 1483,"line.y" :  649},
        {"line.x": 1473,"line.y" :  648},
        {"line.x": 1466,"line.y" :  646},
        {"line.x": 1460,"line.y" :  644},
        {"line.x": 1458,"line.y" :  641},
        {"line.x": 1458,"line.y" :  629},
        {"line.x": 1457,"line.y" :  624},
        {"line.x": 1460,"line.y" :  620},
        {"line.x": 1461,"line.y" :  614},
        {"line.x": 1447,"line.y" :  612},
        {"line.x": 1434,"line.y" :  610},
        {"line.x": 1426,"line.y" :  606},
        {"line.x": 1418,"line.y" :  605},
        {"line.x": 1403,"line.y" :  599},
        {"line.x": 1389,"line.y" :  596},
        {"line.x": 1372,"line.y" :  593},
        {"line.x": 1357,"line.y" :  589},
        {"line.x": 1341,"line.y" :  584},
        {"line.x": 1326,"line.y" :  580},
        {"line.x": 1327,"line.y" :  568},
        {"line.x": 1328,"line.y" :  557},
        {"line.x": 1329,"line.y" :  549},
        {"line.x": 1329,"line.y" :  544},
        {"line.x": 1314,"line.y" :  541},
        {"line.x": 1296,"line.y" :  536},
        {"line.x": 1279,"line.y" :  533},
        {"line.x": 1265,"line.y" :  528},
        {"line.x": 1254,"line.y" :  525},
        {"line.x": 1242,"line.y" :  522},
        {"line.x": 1232,"line.y" :  519},
        {"line.x": 1227,"line.y" :  518},
        {"line.x": 1220,"line.y" :  516},
        {"line.x": 1217,"line.y" :  507},
        {"line.x": 1213,"line.y" :  500},
        {"line.x": 1203,"line.y" :  498},
        {"line.x": 1195,"line.y" :  496},
        {"line.x": 1191,"line.y" :  483},
        {"line.x": 1187,"line.y" :  473},
        {"line.x": 1184,"line.y" :  465},
        {"line.x": 1182,"line.y" :  455},
        {"line.x": 1179,"line.y" :  445},
        {"line.x": 1176,"line.y" :  432},
        {"line.x": 1171,"line.y" :  425},
        {"line.x": 1167,"line.y" :  410},
        {"line.x": 1164,"line.y" :  401},
        {"line.x": 1162,"line.y" :  388},
        {"line.x": 1161,"line.y" :  379},
        {"line.x": 1159,"line.y" :  376},
        {"line.x": 1150,"line.y" :  373},
        {"line.x": 1143,"line.y" :  372},
        {"line.x": 1138,"line.y" :  358},
        {"line.x": 1133,"line.y" :  346},
        {"line.x": 1129,"line.y" :  337},
        {"line.x": 1129,"line.y" :  331},
        {"line.x": 1125,"line.y" :  324},
        {"line.x": 1120,"line.y" :  307},
        {"line.x": 1115,"line.y" :  292},
        {"line.x": 1111,"line.y" :  278},
        {"line.x": 1109,"line.y" :  268},
        {"line.x": 1107,"line.y" :  258},
        {"line.x": 1102,"line.y" :  242},
        {"line.x": 1101,"line.y" :  233},
        {"line.x": 1091,"line.y" :  229},
        {"line.x": 1084,"line.y" :  228},
        {"line.x": 1081,"line.y" :  214},
        {"line.x": 1076,"line.y" :  202},
        {"line.x": 1076,"line.y" :  193},
        {"line.x": 1074,"line.y" :  192},
        {"line.x": 1058,"line.y" :  197},
        {"line.x": 1042,"line.y" :  201},
        {"line.x": 1037,"line.y" :  204},
        {"line.x": 1031,"line.y" :  188},
        {"line.x": 1028,"line.y" :  183},
        {"line.x": 1027,"line.y" :  173},
        {"line.x": 1022,"line.y" :  158},
        {"line.x": 1021,"line.y" :  156},
        {"line.x": 1015,"line.y" :  159},
        {"line.x": 1011,"line.y" :  155},
        {"line.x": 1010,"line.y" :  144},
        {"line.x": 1004,"line.y" :  124},
        {"line.x": 1000,"line.y" :  114},
        {"line.x": 998,"line.y" :  104}
    ],[
        {"stroke.r" : 255, "stroke.g" : 255, "stroke.b": 255, "stroke.a": 255},
        {"strokeWidth": 1},
        {"line.x": 1387,"line.y" :  348},
        {"line.x": 1389,"line.y": 356},
        {"line.x": 1394,"line.y": 367},
        {"line.x": 1399,"line.y": 379},
        {"line.x": 1403,"line.y" :  393},
        {"line.x": 1407,"line.y" :  408},
        {"line.x": 1414,"line.y" :  424},
        {"line.x": 1415,"line.y" :  431},
        {"line.x": 1416,"line.y" :  435},
        {"line.x": 1401,"line.y" :  432},
        {"line.x": 1393,"line.y" :  428},
        {"line.x": 1383,"line.y" :  425},
        {"line.x": 1369,"line.y" :  421},
        {"line.x": 1359,"line.y" :  419},
        {"line.x": 1356,"line.y" :  419},
        {"line.x": 1353,"line.y" :  414},
        {"line.x": 1342,"line.y" :  412},
        {"line.x": 1326,"line.y" :  408},
        {"line.x": 1321,"line.y" :  408},
        {"line.x": 1325,"line.y" :  418},
        {"line.x": 1332,"line.y" :  442},
        {"line.x": 1337,"line.y" :  459},
        {"line.x": 1342,"line.y" :  479},
        {"line.x": 1346,"line.y" :  487},
        {"line.x": 1349,"line.y" :  502},
        {"line.x": 1352,"line.y" :  507},
        {"line.x": 1353,"line.y" :  516},
        {"line.x": 1356,"line.y" :  523},
        {"line.x": 1356,"line.y" :  527},
        {"line.x": 1359,"line.y" :  535},
        {"line.x": 1361,"line.y" :  543},
        {"line.x": 1350,"line.y" :  540},
        {"line.x": 1341,"line.y" :  539},
        {"line.x": 1329,"line.y" :  535},
        {"line.x": 1309,"line.y" :  530},
        {"line.x": 1296,"line.y" :  525},
        {"line.x": 1283,"line.y" :  523},
        {"line.x": 1269,"line.y" :  520},
        {"line.x": 1248,"line.y" :  515},
        {"line.x": 1233,"line.y" :  509},
        {"line.x": 1212,"line.y" :  505},
        {"line.x": 1208,"line.y" :  504},
        {"line.x": 1202,"line.y" :  504},
        {"line.x": 1200,"line.y" :  498},
        {"line.x": 1197,"line.y" :  489},
        {"line.x": 1194,"line.y" :  480},
        {"line.x": 1192,"line.y" :  474},
        {"line.x": 1186,"line.y" :  459},
        {"line.x": 1184,"line.y" :  455},
        {"line.x": 1181,"line.y" :  444},
        {"line.x": 1177,"line.y" :  428},
        {"line.x": 1173,"line.y" :  417},
        {"line.x": 1170,"line.y" :  407},
        {"line.x": 1167,"line.y" :  398},
        {"line.x": 1166,"line.y" :  390},
        {"line.x": 1164,"line.y" :  384},
        {"line.x": 1178,"line.y" :  380},
        {"line.x": 1192,"line.y" :  375},
        {"line.x": 1195,"line.y" :  375},
        {"line.x": 1193,"line.y" :  367},
        {"line.x": 1196,"line.y" :  367},
        {"line.x": 1217,"line.y" :  372},
        {"line.x": 1236,"line.y" :  376},
        {"line.x": 1242,"line.y" :  378},
        {"line.x": 1233,"line.y" :  353},
        {"line.x": 1229,"line.y" :  347},
        {"line.x": 1226,"line.y" :  335},
        {"line.x": 1223,"line.y" :  327},
        {"line.x": 1218,"line.y" :  316},
        {"line.x": 1214,"line.y" :  302},
        {"line.x": 1214,"line.y" :  296},
        {"line.x": 1220,"line.y" :  297},
        {"line.x": 1230,"line.y" :  301},
        {"line.x": 1253,"line.y" :  306},
        {"line.x": 1282,"line.y" :  313},
        {"line.x": 1301,"line.y" :  319},
        {"line.x": 1315,"line.y" :  321},
        {"line.x": 1335,"line.y" :  326},
        {"line.x": 1352,"line.y" :  331},
        {"line.x": 1359,"line.y" :  331},
        {"line.x": 1360,"line.y" :  328},
        {"line.x": 1363,"line.y" :  306},
        {"line.x": 1363,"line.y" :  295},
        {"line.x": 1371,"line.y" :  296},
        {"line.x": 1374,"line.y" :  295},
        {"line.x": 1374,"line.y" :  287},
        {"line.x": 1374,"line.y" :  279},
        {"line.x": 1374,"line.y" :  274},
        {"line.x": 1376,"line.y" :  266},
        {"line.x": 1377,"line.y" :  261},
        {"line.x": 1378,"line.y" :  245},
        {"line.x": 1378,"line.y" :  238},
        {"line.x": 1379,"line.y" :  230},
        {"line.x": 1379,"line.y" :  229}
    ],[
        {"stroke.r" : 255, "stroke.g" : 255, "stroke.b": 255, "stroke.a": 255},
        {"strokeWidth": 1},
        {"line.x": 1343,"line.y" :  252},
        {"line.x": 1276,"line.y" :  273},
        {"line.x": 1230,"line.y" :  285},
        {"line.x": 1135,"line.y" :  315},
        {"line.x": 1103,"line.y" :  325},
        {"line.x": 1120,"line.y" :  374},
        {"line.x": 1052,"line.y" :  391},
        {"line.x": 919, "line.y" : 436},
        {"line.x": 824, "line.y" : 471},
        {"line.x": 822, "line.y" : 503},
        {"line.x": 814, "line.y" : 544},
        {"line.x": 805, "line.y" : 556},
        {"line.x": 739, "line.y" : 576},
        {"line.x": 697, "line.y" : 589},
        {"line.x": 688, "line.y" : 661},
        {"line.x": 675, "line.y" : 702},
        {"line.x": 664, "line.y" : 754},
        {"line.x": 653, "line.y" : 812},
        {"line.x": 645, "line.y" : 844},
        {"line.x": 643, "line.y" : 858},
        {"line.x": 642, "line.y" : 864},
        {"line.x": 631, "line.y" : 868},
        {"line.x": 602, "line.y" : 769},
        {"line.x": 602, "line.y" : 732},
        {"line.x": 607, "line.y" : 680},
        {"line.x": 610, "line.y" : 667},
        {"line.x": 603, "line.y" : 667},
        {"line.x": 620, "line.y" : 576},
        {"line.x": 641, "line.y" : 454},
        {"line.x": 647, "line.y" : 408},
        {"line.x": 639, "line.y" : 377},
        {"line.x": 675, "line.y" : 365},
        {"line.x": 685, "line.y" : 311},
        {"line.x": 697, "line.y" : 256},
        {"line.x": 721, "line.y" : 260},
        {"line.x": 726, "line.y" : 239},
        {"line.x": 775, "line.y" : 250},
        {"line.x": 808, "line.y" : 256},
        {"line.x": 868, "line.y" : 243},
        {"line.x": 945, "line.y" : 214},
        {"line.x": 949, "line.y" : 222},
        {"line.x": 1018,"line.y" :  202},
        {"line.x": 988,"line.y" :  108}
    ],[
        {"stroke.r" : 255, "stroke.g" : 255, "stroke.b": 255, "stroke.a": 255},
        {"strokeWidth": 1},
        {"line.x": 1187,"line.y" :  824},
        {"line.x": 1154,"line.y" :  709},
        {"line.x": 1145,"line.y" :  683},
        {"line.x": 1138,"line.y" :  655},
        {"line.x": 1130,"line.y" :  625},
        {"line.x": 1123,"line.y" :  607},
        {"line.x": 1117,"line.y" :  586},
        {"line.x": 1113,"line.y" :  578},
        {"line.x": 1106,"line.y" :  547},
        {"line.x": 1105,"line.y" :  540},
        {"line.x": 1096,"line.y" :  511},
        {"line.x": 1111,"line.y" :  513},
        {"line.x": 1124,"line.y" :  519},
        {"line.x": 1135,"line.y" :  520},
        {"line.x": 1150,"line.y" :  523},
        {"line.x": 1174,"line.y" :  531},
        {"line.x": 1197,"line.y" :  537},
        {"line.x": 1204,"line.y" :  540},
        {"line.x": 1198,"line.y" :  523},
        {"line.x": 1190,"line.y" :  498},
        {"line.x": 1181,"line.y" :  467},
        {"line.x": 1172,"line.y" :  443},
        {"line.x": 1161,"line.y" :  409},
        {"line.x": 1153,"line.y" :  377},
        {"line.x": 1151,"line.y" :  370},
        {"line.x": 1087,"line.y" :  353},
        {"line.x": 1072,"line.y" :  350},
        {"line.x": 1060,"line.y" :  436},
        {"line.x": 1049,"line.y" :  441},
        {"line.x": 1013,"line.y" :  452},
        {"line.x": 979, "line.y" : 460},
        {"line.x": 975, "line.y" : 461},
        {"line.x": 964, "line.y" : 426},
        {"line.x": 914, "line.y" : 442},
        {"line.x": 888, "line.y" : 449},
        {"line.x": 877, "line.y" : 453},
        {"line.x": 866, "line.y" : 415},
        {"line.x": 861, "line.y" : 401},
        {"line.x": 857, "line.y" : 381},
        {"line.x": 856, "line.y" : 378},
        {"line.x": 764, "line.y" : 356},
        {"line.x": 743, "line.y" : 352},
        {"line.x": 734, "line.y" : 349}
    ],[
        {"stroke.r" : 255, "stroke.g" : 255, "stroke.b": 255, "stroke.a": 255},
        {"strokeWidth": 1},
        {"line.x": 1401,"line.y" :  804},
        {"line.x": 1311,"line.y" :  779},
        {"line.x": 1226,"line.y" :  754},
        {"line.x": 1173,"line.y" :  740},
        {"line.x": 1155,"line.y" :  688},
        {"line.x": 1154,"line.y" :  680},
        {"line.x": 1061,"line.y" :  662},
        {"line.x": 956, "line.y" : 638},
        {"line.x": 952, "line.y" : 655},
        {"line.x": 789, "line.y" : 614},
        {"line.x": 801, "line.y" : 528},
        {"line.x": 777, "line.y" : 518},
        {"line.x": 701, "line.y" : 497},
        {"line.x": 645, "line.y" : 471},
        {"line.x": 600, "line.y" : 460},
        {"line.x": 566, "line.y" : 447},
        {"line.x": 556, "line.y" : 409},
        {"line.x": 529, "line.y" : 414},
        {"line.x": 484, "line.y" : 404},
        {"line.x": 467, "line.y" : 340},
        {"line.x": 463, "line.y":322},
        {"line.x": 439, "line.y":313},
        {"line.x": 415, "line.y":304},
        {"line.x": 390, "line.y":298},
    ]
]
